<?xml version="1.0" encoding="UTF-8"?>
<weblogic-web-app xmlns="http://xmlns.oracle.com/weblogic/weblogic-web-app" 
                  xmlns:wls="http://xmlns.oracle.com/weblogic/weblogic-web-app" 
                  xmlns:xsi="http://www.w3.org/2001/XMLSchema-instance" 
                  xsi:schemaLocation="http://java.sun.com/xml/ns/javaee http://java.sun.com/xml/ns/javaee/web-app_2_5.xsd http://xmlns.oracle.com/weblogic/weblogic-web-app http://xmlns.oracle.com/weblogic/weblogic-web-app/1.8/weblogic-web-app.xsd">
				  
    <jsp-descriptor>
        <keepgenerated>true</keepgenerated>
        <debug>true</debug>
    </jsp-descriptor>
    <jsp-descriptor>
        <encoding>UTF-8</encoding>
    </jsp-descriptor>
	
    <context-root>applecare-rest</context-root>
   
    <!-- Logger Config -->
    <wls:container-descriptor>
        <wls:prefer-web-inf-classes>true</wls:prefer-web-inf-classes>
    </wls:container-descriptor>
    
    <!-- Share HTTP Session -->
    <wls:session-descriptor>
        <wls:sharing-enabled>true</wls:sharing-enabled>
    </wls:session-descriptor>
    
</weblogic-web-app>